<?xml version="1.0" encoding="UTF-8" ?>
<XMLDB PATH="blocks/znanium_com/db" VERSION="20150224" COMMENT="XMLDB file for Moodle blocks/znanium_com"
    xmlns:xsi="http://www.w3.org/2001/XMLSchema-instance"
    xsi:noNamespaceSchemaLocation="../../../lib/xmldb/xmldb.xsd"
>
  <TABLES>
    <TABLE NAME="block_znanium_com_visits" COMMENT="Znanium_com visits. Used, because gathering stats from log takes too long.">
      <FIELDS>
        <FIELD NAME="id" TYPE="int" LENGTH="10" NOTNULL="true" SEQUENCE="true"/>
        <FIELD NAME="time" TYPE="int" LENGTH="10" NOTNULL="true" SEQUENCE="false" COMMENT="visit time"/>
        <FIELD NAME="userid" TYPE="int" LENGTH="10" NOTNULL="false" SEQUENCE="false" COMMENT="user id from user table"/>
        <FIELD NAME="contextid" TYPE="int" LENGTH="10" NOTNULL="true" SEQUENCE="false" COMMENT="context from which visit link was used"/>
      </FIELDS>
      <KEYS>
        <KEY NAME="primary" TYPE="primary" FIELDS="id"/>
        <KEY NAME="userid" TYPE="foreign" FIELDS="userid" REFTABLE="user" REFFIELDS="id"/>
        <KEY NAME="contextid" TYPE="foreign" FIELDS="contextid" REFTABLE="context" REFFIELDS="id"/>
      </KEYS>
      <INDEXES>
        <INDEX NAME="time" UNIQUE="false" FIELDS="time"/>
      </INDEXES>
    </TABLE>
  </TABLES>
</XMLDB>